{"cameraMode":{"drawMode":0,"name":"Shaded","section":"Shading Mode"},"sceneLighting":true,"audioPlay":false,"sceneViewState":{"m_AlwaysRefresh":false,"showFog":true,"showSkybox":true,"showFlares":true,"showImageEffects":true,"showParticleSystems":true,"showVisualEffectGraphs":true,"m_FxEnabled":true},"in2DMode":false,"pivot":{"x":1.578017234802246,"y":0.34703224897384646,"z":-1.282453179359436},"rotation":{"x":0.00788912083953619,"y":0.9266452193260193,"z":-0.01947067677974701,"w":0.37539127469062807},"size":2.370227336883545,"orthographic":false}