{"cameraMode":{"drawMode":0,"name":"Shaded","section":"Shading Mode"},"sceneLighting":true,"audioPlay":false,"sceneViewState":{"m_AlwaysRefresh":false,"showFog":true,"showSkybox":true,"showFlares":true,"showImageEffects":true,"showParticleSystems":true,"showVisualEffectGraphs":true,"m_FxEnabled":true},"in2DMode":false,"pivot":{"x":2.9436583518981935,"y":0.5594130754470825,"z":-3.2497429847717287},"rotation":{"x":-0.019981613382697107,"y":-0.9658859372138977,"z":0.07840964943170548,"w":-0.2458718866109848},"size":4.221892356872559,"orthographic":false}